/*
Navicat MySQL Data Transfer

Source Server         : MySql
Source Server Version : 50634
Source Host           : localhost:3306
Source Database       : bdlocal

Target Server Type    : MYSQL
Target Server Version : 50634
File Encoding         : 65001

Date: 2017-08-18 17:02:06
*/

SET FOREIGN_KEY_CHECKS=0;

-- ----------------------------
-- Table structure for `bds_bdcommand`
-- ----------------------------
DROP TABLE IF EXISTS `bds_bdcommand`;
CREATE TABLE `bds_bdcommand` (
  `BDC_MLBZ` int(8) NOT NULL AUTO_INCREMENT,
  `BDC_FSZH` int(8) DEFAULT '0',
  `BDC_JSZH` int(8) DEFAULT '0',
  `BDC_TXNR` varchar(560) DEFAULT NULL,
  `BDC_MLLX` int(1) DEFAULT '0',
  `BDC_FSLX` int(1) DEFAULT '0',
  `BDC_TXBM` int(2) DEFAULT '0',
  `BDC_SFTB` int(6) DEFAULT '0',
  `BDC_FSBZ` int(1) DEFAULT '0',
  `is_commit` int(11) DEFAULT '-1' COMMENT '未使用',
  PRIMARY KEY (`BDC_MLBZ`)
) ENGINE=InnoDB DEFAULT CHARSET=utf8;

-- ----------------------------
-- Records of bds_bdcommand
-- ----------------------------

-- ----------------------------
-- Table structure for `bds_localbdusers`
-- ----------------------------
DROP TABLE IF EXISTS `bds_localbdusers`;
CREATE TABLE `bds_localbdusers` (
  `LCU_CARDID` int(8) DEFAULT NULL,
  `LCU_CARDFRQ` int(4) DEFAULT '0',
  `LCU_CARDTYPE` int(1) DEFAULT '0',
  `LCU_CPYLEVEL` int(1) DEFAULT '3',
  `LCU_SUPORID` int(8) DEFAULT '0',
  `LCU_ISLOCAL` int(1) DEFAULT '0',
  `LCU_ISENCRYPT` int(1) DEFAULT '0',
  `LCU_ISONLINE` int(4) DEFAULT '0',
  `LCU_ISFULL` int(4) DEFAULT '0'
) ENGINE=InnoDB DEFAULT CHARSET=utf8;

-- ----------------------------
-- Records of bds_localbdusers
-- ----------------------------
INSERT INTO `bds_localbdusers` VALUES ('456330', '50', '4', '3', '0', '1', '0', '0', '0');
INSERT INTO `bds_localbdusers` VALUES ('142012', '0', '0', '0', '456330', '0', '0', '0', '0');
INSERT INTO `bds_localbdusers` VALUES ('142013', '0', '0', '0', '456330', '0', '0', '0', '0');
INSERT INTO `bds_localbdusers` VALUES ('142014', '0', '0', '0', '456330', '0', '0', '0', '0');
INSERT INTO `bds_localbdusers` VALUES ('142015', '0', '0', '0', '456330', '0', '0', '0', '0');
INSERT INTO `bds_localbdusers` VALUES ('142016', '0', '0', '0', '456330', '0', '0', '0', '0');

-- ----------------------------
-- Table structure for `dev_msg`
-- ----------------------------
DROP TABLE IF EXISTS `dev_msg`;
CREATE TABLE `dev_msg` (
  `msg_id` int(11) NOT NULL AUTO_INCREMENT,
  `sim_no` varchar(80) DEFAULT NULL,
  `sim_recv` varchar(80) DEFAULT NULL,
  `msg_time` datetime DEFAULT NULL,
  `msg_type` int(11) DEFAULT NULL,
  `msg_coding` int(11) DEFAULT NULL,
  `msg_content` varchar(250) DEFAULT NULL,
  `recv_flag` int(11) DEFAULT NULL,
  `is_commit` int(1) DEFAULT '0',
  PRIMARY KEY (`msg_id`)
) ENGINE=InnoDB AUTO_INCREMENT=986 DEFAULT CHARSET=utf8;

-- ----------------------------
-- Records of dev_msg
-- ----------------------------
INSERT INTO `dev_msg` VALUES ('971', '142016', '456330', '2016-11-22 22:11:37', '0', '2', '欢迎各位首长检查指导', '0', '0');
INSERT INTO `dev_msg` VALUES ('972', '456330', '142016', '2016-11-22 22:12:27', '0', '2', '长治县值班室测试 360', '0', '0');
INSERT INTO `dev_msg` VALUES ('973', '456330', '142016', '2016-11-23 09:44:18', '0', '2', '', '0', '0');
INSERT INTO `dev_msg` VALUES ('974', '142016', '456330', '2016-11-23 09:51:52', '0', '2', '什么情况', '0', '0');
INSERT INTO `dev_msg` VALUES ('975', '456330', '142016', '2016-11-23 10:04:34', '0', '2', '', '0', '0');
INSERT INTO `dev_msg` VALUES ('976', '142016', '456330', '2016-11-23 10:32:22', '0', '2', '队部收到', '0', '0');
INSERT INTO `dev_msg` VALUES ('977', '456330', '142016', '2016-11-23 10:32:44', '0', '2', '', '0', '0');
INSERT INTO `dev_msg` VALUES ('978', '456330', '142016', '2016-11-23 10:36:49', '0', '2', '', '0', '0');
INSERT INTO `dev_msg` VALUES ('979', '456330', '142016', '2016-11-23 10:37:39', '0', '2', '', '0', '0');
INSERT INTO `dev_msg` VALUES ('980', '456330', '142016', '2016-11-23 12:07:09', '0', '2', '', '0', '0');
INSERT INTO `dev_msg` VALUES ('981', '142016', '456330', '2016-11-23 12:07:55', '0', '2', '收到', '0', '0');
INSERT INTO `dev_msg` VALUES ('982', '456330', '142013', '2017-08-15 17:22:52', '0', '2', 'vvvvvv', '0', '0');
INSERT INTO `dev_msg` VALUES ('983', '456330', '142015', '2017-08-15 17:29:32', '0', '2', '', '0', '0');
INSERT INTO `dev_msg` VALUES ('984', '142014', '456330', '2017-08-16 14:53:41', '0', '2', '3', '0', '0');
INSERT INTO `dev_msg` VALUES ('985', '142014', '456330', '2017-08-16 14:56:35', '0', '2', 'hello', '0', '0');

-- ----------------------------
-- Table structure for `dev_position`
-- ----------------------------
DROP TABLE IF EXISTS `dev_position`;
CREATE TABLE `dev_position` (
  `pos_id` int(11) NOT NULL AUTO_INCREMENT,
  `postype` int(11) DEFAULT '0',
  `longitude` double DEFAULT NULL,
  `longitudedir` int(11) DEFAULT '0',
  `latitude` double DEFAULT NULL,
  `latitudedir` int(11) DEFAULT NULL,
  `altitude` double DEFAULT NULL,
  `pos_prec` int(11) DEFAULT NULL,
  `fast_flag` int(11) DEFAULT NULL,
  `pos_time` datetime DEFAULT NULL,
  `sim_no` varchar(80) DEFAULT NULL,
  `sim_id` int(11) DEFAULT NULL,
  `is_changed` int(1) DEFAULT '0',
  `is_commit` int(1) DEFAULT '0',
  PRIMARY KEY (`pos_id`)
) ENGINE=InnoDB AUTO_INCREMENT=379 DEFAULT CHARSET=utf8;

-- ----------------------------
-- Records of dev_position
-- ----------------------------
INSERT INTO `dev_position` VALUES ('122', '1', '112.39175196157', '0', '37.639130412169', '0', '-4294966550', '10', '0', '2016-06-29 18:22:31', '142013', null, '1', '0');
INSERT INTO `dev_position` VALUES ('123', '1', '112.39341716393', '0', '37.632505877527', '0', '40', '10', '0', '2016-06-29 18:23:32', '142013', null, '1', '0');
INSERT INTO `dev_position` VALUES ('124', '5', '112.39605541677', '0', '37.639779834269', '0', '748', '10', '0', '2016-06-29 18:24:37', '142013', null, '1', '0');
INSERT INTO `dev_position` VALUES ('125', '1', '112.42608725051', '0', '37.655127344544', '0', '40', '10', '0', '2016-06-29 18:33:01', '142013', null, '1', '0');
INSERT INTO `dev_position` VALUES ('126', '1', '112.43247585819', '0', '37.66179480015', '0', '40', '10', '0', '2016-06-29 18:34:01', '142013', null, '1', '0');
INSERT INTO `dev_position` VALUES ('127', '1', '112.43736832936', '0', '37.666568122518', '0', '40', '10', '0', '2016-06-29 18:35:01', '142013', null, '1', '0');
INSERT INTO `dev_position` VALUES ('128', '1', '112.44538434134', '0', '37.670400355827', '0', '40', '10', '0', '2016-06-29 18:36:01', '142013', null, '1', '0');
INSERT INTO `dev_position` VALUES ('129', '1', '112.45606679638', '0', '37.674753545562', '0', '40', '10', '0', '2016-06-29 18:37:01', '142013', null, '1', '0');
INSERT INTO `dev_position` VALUES ('130', '1', '112.46769035619', '0', '37.687422331154', '0', '40', '10', '0', '2016-06-29 18:39:01', '142013', null, '1', '0');
INSERT INTO `dev_position` VALUES ('131', '1', '112.47226661486', '0', '37.694954511892', '0', '40', '10', '0', '2016-06-29 18:40:01', '142013', null, '1', '0');
INSERT INTO `dev_position` VALUES ('132', '1', '112.47650059613', '0', '37.70181709058', '0', '40', '10', '0', '2016-06-29 18:41:02', '142013', null, '1', '0');
INSERT INTO `dev_position` VALUES ('133', '1', '112.47893455081', '0', '37.704347717109', '0', '40', '10', '0', '2016-06-29 18:42:01', '142013', null, '1', '0');
INSERT INTO `dev_position` VALUES ('134', '1', '112.48636625435', '0', '37.702012666821', '0', '40', '10', '0', '2016-06-29 18:43:01', '142013', null, '1', '0');
INSERT INTO `dev_position` VALUES ('135', '1', '112.49597894313', '0', '37.698450133476', '0', '40', '10', '0', '2016-06-29 18:44:01', '142013', null, '1', '0');
INSERT INTO `dev_position` VALUES ('136', '1', '112.54638255705', '0', '37.827443131975', '0', '-4294966535', '10', '0', '2016-06-29 19:01:51', '142013', null, '1', '0');
INSERT INTO `dev_position` VALUES ('137', '1', '112.53932837116', '0', '37.865329578793', '0', '-4294966529', '10', '0', '2016-06-29 19:07:35', '142013', null, '1', '0');
INSERT INTO `dev_position` VALUES ('138', '1', '112.54782240017', '0', '37.879799676422', '0', '-4294966529', '10', '0', '2016-06-29 19:10:44', '142013', null, '1', '0');
INSERT INTO `dev_position` VALUES ('139', '1', '112.56741486503', '0', '37.879771640299', '0', '-4294966529', '10', '0', '2016-06-29 19:15:59', '142013', null, '1', '0');
INSERT INTO `dev_position` VALUES ('140', '1', '112.57221268908', '0', '37.879074739336', '0', '-4294966527', '10', '0', '2016-06-29 19:17:01', '142013', null, '1', '0');
INSERT INTO `dev_position` VALUES ('141', '1', '112.5793345359', '0', '37.878699366853', '0', '-4294966524', '10', '0', '2016-06-29 19:19:02', '142013', null, '1', '0');
INSERT INTO `dev_position` VALUES ('142', '1', '112.58395390769', '0', '37.878358446126', '0', '-4294966519', '10', '0', '2016-06-29 19:20:41', '142013', null, '1', '0');
INSERT INTO `dev_position` VALUES ('143', '1', '112.5852651947', '0', '37.87881532185', '0', '-4294966517', '10', '0', '2016-06-29 19:26:24', '142013', null, '1', '0');
INSERT INTO `dev_position` VALUES ('144', '1', '112.58621227072', '0', '37.885458723372', '0', '-4294966510', '10', '0', '2016-06-29 19:43:17', '142014', null, '1', '0');
INSERT INTO `dev_position` VALUES ('145', '5', '112.58566139189', '0', '37.884243812317', '0', '788', '10', '0', '2016-06-29 20:20:10', '142014', null, '1', '0');
INSERT INTO `dev_position` VALUES ('146', '5', '112.58565784499', '0', '37.884248475671', '0', '790', '10', '0', '2016-06-29 20:39:11', '142014', null, '1', '0');
INSERT INTO `dev_position` VALUES ('147', '5', '112.58571214769', '0', '37.884164134149', '0', '797', '10', '0', '2016-06-29 21:17:55', '142014', null, '1', '0');
INSERT INTO `dev_position` VALUES ('148', '5', '112.58568297528', '0', '37.884165653394', '0', '797', '10', '0', '2016-06-29 21:32:32', '142014', null, '1', '0');
INSERT INTO `dev_position` VALUES ('149', '5', '112.58571214881', '0', '37.884162235651', '0', '800', '10', '0', '2016-06-29 21:34:18', '142014', null, '1', '0');
INSERT INTO `dev_position` VALUES ('150', '5', '112.58571760197', '0', '37.884161340769', '0', '798', '10', '0', '2016-06-29 21:37:42', '142014', null, '1', '0');
INSERT INTO `dev_position` VALUES ('151', '5', '112.58568048847', '0', '37.88422237367', '0', '770', '10', '0', '2016-06-29 21:55:06', '142014', null, '1', '0');
INSERT INTO `dev_position` VALUES ('152', '1', '112.58429483427', '0', '37.883379519349', '0', '-4294966516', '10', '0', '2016-06-30 06:12:51', '142013', null, '1', '0');
INSERT INTO `dev_position` VALUES ('153', '1', '112.59092919496', '0', '37.880075390233', '0', '-4294966509', '10', '0', '2016-06-30 06:15:09', '142013', null, '1', '0');
INSERT INTO `dev_position` VALUES ('154', '1', '112.59217650604', '0', '37.859256696585', '0', '-4294966498', '10', '0', '2016-06-30 06:18:02', '142013', null, '1', '0');
INSERT INTO `dev_position` VALUES ('155', '1', '112.59352799382', '0', '37.832771153818', '0', '-4294966520', '10', '0', '2016-06-30 06:20:42', '142013', null, '1', '0');
INSERT INTO `dev_position` VALUES ('156', '5', '112.59346531953', '0', '37.831797239948', '0', '772', '10', '0', '2016-06-30 06:21:41', '142013', null, '1', '0');
INSERT INTO `dev_position` VALUES ('157', '1', '112.58688803359', '0', '37.83019263945', '0', '-4294966527', '10', '0', '2016-06-30 06:23:48', '142013', null, '1', '0');
INSERT INTO `dev_position` VALUES ('158', '5', '112.58679924476', '0', '37.829663620234', '0', '767', '10', '0', '2016-06-30 06:24:51', '142013', null, '1', '0');
INSERT INTO `dev_position` VALUES ('159', '1', '112.59025293239', '0', '37.820081558711', '0', '-4294966517', '10', '0', '2016-06-30 06:25:51', '142013', null, '1', '0');
INSERT INTO `dev_position` VALUES ('160', '5', '112.5903291161', '0', '37.818054183484', '0', '768', '10', '0', '2016-06-30 06:26:51', '142013', null, '1', '0');
INSERT INTO `dev_position` VALUES ('161', '1', '112.59041021476', '0', '37.813714757706', '0', '-4294966528', '10', '0', '2016-06-30 06:28:27', '142013', null, '1', '0');
INSERT INTO `dev_position` VALUES ('162', '5', '112.59110251474', '0', '37.775478251893', '0', '757', '10', '0', '2016-06-30 06:34:53', '142013', null, '1', '0');
INSERT INTO `dev_position` VALUES ('163', '1', '112.58967092604', '0', '37.751233251536', '0', '-4294966541', '10', '0', '2016-06-30 06:40:00', '142013', null, '1', '0');
INSERT INTO `dev_position` VALUES ('164', '5', '112.58743642233', '0', '37.751217153902', '0', '754', '10', '0', '2016-06-30 06:42:02', '142013', null, '1', '0');
INSERT INTO `dev_position` VALUES ('165', '5', '112.58763167931', '0', '37.75121300176', '0', '755', '10', '0', '2016-06-30 06:44:03', '142013', null, '1', '0');
INSERT INTO `dev_position` VALUES ('166', '5', '112.59120328789', '0', '37.752285297131', '0', '755', '10', '0', '2016-06-30 06:45:03', '142013', null, '1', '0');
INSERT INTO `dev_position` VALUES ('167', '5', '112.5915551141', '0', '37.757976616943', '0', '750', '10', '0', '2016-06-30 06:46:03', '142013', null, '1', '0');
INSERT INTO `dev_position` VALUES ('168', '5', '112.59203601733', '0', '37.763904709364', '0', '753', '10', '0', '2016-06-30 06:47:02', '142013', null, '1', '0');
INSERT INTO `dev_position` VALUES ('169', '5', '112.59163388461', '0', '37.770720418872', '0', '756', '10', '0', '2016-06-30 06:48:02', '142013', null, '1', '0');
INSERT INTO `dev_position` VALUES ('170', '5', '112.59055338588', '0', '37.783516956828', '0', '745', '10', '0', '2016-06-30 06:50:10', '142013', null, '1', '0');
INSERT INTO `dev_position` VALUES ('171', '5', '112.58650392319', '0', '37.780439075749', '0', '756', '10', '0', '2016-06-30 06:51:11', '142013', null, '1', '0');
INSERT INTO `dev_position` VALUES ('172', '5', '112.57461750143', '0', '37.780567597011', '0', '756', '10', '0', '2016-06-30 06:52:11', '142013', null, '1', '0');
INSERT INTO `dev_position` VALUES ('173', '1', '112.56078247716', '0', '37.780667957848', '0', '-4294966538', '10', '0', '2016-06-30 06:53:21', '142013', null, '1', '0');
INSERT INTO `dev_position` VALUES ('174', '5', '112.55832094693', '0', '37.780600622031', '0', '758', '10', '0', '2016-06-30 06:54:21', '142013', null, '1', '0');
INSERT INTO `dev_position` VALUES ('175', '5', '112.54654144267', '0', '37.780463171228', '0', '759', '10', '0', '2016-06-30 06:55:20', '142013', null, '1', '0');
INSERT INTO `dev_position` VALUES ('176', '5', '112.53786180505', '0', '37.781032478609', '0', '752', '10', '0', '2016-06-30 06:56:21', '142013', null, '1', '0');
INSERT INTO `dev_position` VALUES ('177', '5', '112.54097203448', '0', '37.773831851896', '0', '754', '10', '0', '2016-06-30 06:57:21', '142013', null, '1', '0');
INSERT INTO `dev_position` VALUES ('178', '5', '112.54596372646', '0', '37.76438016765', '0', '755', '10', '0', '2016-06-30 06:58:21', '142013', null, '1', '0');
INSERT INTO `dev_position` VALUES ('179', '5', '112.54902169193', '0', '37.755335949813', '0', '751', '10', '0', '2016-06-30 06:59:21', '142013', null, '1', '0');
INSERT INTO `dev_position` VALUES ('180', '5', '112.54881915344', '0', '37.730147021242', '0', '754', '10', '0', '2016-06-30 07:01:20', '142013', null, '1', '0');
INSERT INTO `dev_position` VALUES ('181', '5', '112.54136665842', '0', '37.717243680272', '0', '753', '10', '0', '2016-06-30 07:02:36', '142013', null, '1', '0');
INSERT INTO `dev_position` VALUES ('182', '5', '112.52946914146', '0', '37.707453941408', '0', '751', '10', '0', '2016-06-30 07:03:49', '142013', null, '1', '0');
INSERT INTO `dev_position` VALUES ('183', '5', '112.52029813036', '0', '37.699574994191', '0', '753', '10', '0', '2016-06-30 07:04:50', '142013', null, '1', '0');
INSERT INTO `dev_position` VALUES ('184', '5', '112.50701445231', '0', '37.70155593718', '0', '750', '10', '0', '2016-06-30 07:06:30', '142013', null, '1', '0');
INSERT INTO `dev_position` VALUES ('185', '5', '112.49040239065', '0', '37.707140109622', '0', '754', '10', '0', '2016-06-30 07:08:03', '142013', null, '1', '0');
INSERT INTO `dev_position` VALUES ('186', '5', '112.47764974484', '0', '37.70946349848', '0', '752', '10', '0', '2016-06-30 07:10:19', '142013', null, '1', '0');
INSERT INTO `dev_position` VALUES ('187', '5', '112.47199508639', '0', '37.700622935423', '0', '752', '10', '0', '2016-06-30 07:11:33', '142013', null, '1', '0');
INSERT INTO `dev_position` VALUES ('188', '5', '112.46696376593', '0', '37.692356134239', '0', '753', '10', '0', '2016-06-30 07:12:33', '142013', null, '1', '0');
INSERT INTO `dev_position` VALUES ('189', '5', '112.46124954266', '0', '37.683753643928', '0', '753', '10', '0', '2016-06-30 07:13:33', '142013', null, '1', '0');
INSERT INTO `dev_position` VALUES ('190', '5', '112.43723353744', '0', '37.672845194054', '0', '773', '10', '0', '2016-06-30 07:16:47', '142013', null, '1', '0');
INSERT INTO `dev_position` VALUES ('191', '5', '112.43668270069', '0', '37.672363836073', '0', '771', '10', '0', '2016-06-30 07:17:57', '142013', null, '1', '0');
INSERT INTO `dev_position` VALUES ('192', '5', '112.41719602985', '0', '37.652146604866', '0', '751', '10', '0', '2016-06-30 07:20:58', '142013', null, '1', '0');
INSERT INTO `dev_position` VALUES ('193', '5', '112.40678585553', '0', '37.642135168373', '0', '748', '10', '0', '2016-06-30 07:22:38', '142013', null, '1', '0');
INSERT INTO `dev_position` VALUES ('194', '1', '112.40136680989', '0', '37.638888718211', '0', '-4294966550', '10', '0', '2016-06-30 07:23:42', '142013', null, '1', '0');
INSERT INTO `dev_position` VALUES ('195', '5', '112.39479938346', '0', '37.638511002192', '0', '747', '10', '0', '2016-06-30 07:25:45', '142013', null, '1', '0');
INSERT INTO `dev_position` VALUES ('196', '5', '112.39247398741', '0', '37.638719112451', '0', '746', '10', '0', '2016-06-30 07:26:46', '142013', null, '1', '0');
INSERT INTO `dev_position` VALUES ('197', '1', '112.39291395522', '0', '37.639837814168', '0', '-4294966550', '10', '0', '2016-06-30 07:55:55', '142014', null, '1', '0');
INSERT INTO `dev_position` VALUES ('198', '5', '112.39257902905', '0', '37.63874571489', '0', '746', '10', '0', '2016-06-30 08:19:38', '142014', null, '1', '0');
INSERT INTO `dev_position` VALUES ('199', '1', '112.39269436448', '0', '37.64022276645', '0', '-4294966549', '10', '0', '2016-06-30 08:23:06', '142014', null, '1', '0');
INSERT INTO `dev_position` VALUES ('200', '1', '112.39266952862', '0', '37.640498714102', '0', '-4294966549', '10', '0', '2016-06-30 08:31:00', '142014', null, '1', '0');
INSERT INTO `dev_position` VALUES ('201', '1', '112.39242100462', '0', '37.640050695537', '0', '-4294966549', '10', '0', '2016-06-30 08:32:04', '142014', null, '1', '0');
INSERT INTO `dev_position` VALUES ('202', '1', '112.39235938563', '0', '37.639883851899', '0', '-4294966549', '10', '0', '2016-06-30 08:34:37', '142014', null, '1', '0');
INSERT INTO `dev_position` VALUES ('203', '1', '112.39258791721', '0', '37.638807596644', '0', '-4294966550', '10', '0', '2016-06-30 08:38:23', '142013', null, '1', '0');
INSERT INTO `dev_position` VALUES ('204', '1', '112.39255645323', '0', '37.63997060442', '0', '-4294966549', '10', '0', '2016-06-30 08:38:51', '142014', null, '1', '0');
INSERT INTO `dev_position` VALUES ('205', '1', '112.39246709615', '0', '37.639970394054', '0', '-4294966549', '10', '0', '2016-06-30 08:58:37', '142014', null, '1', '0');
INSERT INTO `dev_position` VALUES ('206', '1', '112.59180937076', '0', '37.86060231827', '0', '40', '10', '0', '2016-07-04 17:42:39', '142014', null, '1', '0');
INSERT INTO `dev_position` VALUES ('207', '5', '112.59225179861', '0', '37.86600113611', '0', '788', '10', '0', '2016-07-04 17:43:39', '142014', null, '1', '0');
INSERT INTO `dev_position` VALUES ('208', '1', '112.58579170777', '0', '37.885219596367', '0', '-4294966511', '10', '0', '2016-07-04 19:47:02', '142014', null, '1', '0');
INSERT INTO `dev_position` VALUES ('209', '5', '112.58565927153', '0', '37.884139969737', '0', '782', '10', '0', '2016-07-04 20:02:57', '142014', null, '1', '0');
INSERT INTO `dev_position` VALUES ('210', '1', '112.57421344916', '1', '37.794383807629', '1', '0', '10', '0', '2016-07-05 16:08:13', '456330', null, '1', '0');
INSERT INTO `dev_position` VALUES ('211', '1', '112.57393262474', '1', '37.794103280938', '1', '0', '10', '0', '2016-07-05 16:09:13', '456330', null, '1', '0');
INSERT INTO `dev_position` VALUES ('212', '1', '112.57395410498', '1', '37.794104491602', '1', '0', '10', '0', '2016-07-05 16:10:53', '456330', null, '1', '0');
INSERT INTO `dev_position` VALUES ('213', '1', '112.57518129767', '1', '37.794367117491', '1', '0', '10', '0', '2016-07-06 08:36:35', '456330', null, '1', '0');
INSERT INTO `dev_position` VALUES ('214', '1', '126.63906371189', '0', '45.767995235704', '0', '130', '10', '0', '2016-07-06 11:25:33', '142014', null, '1', '0');
INSERT INTO `dev_position` VALUES ('215', '1', '116.33992185162', '0', '40.048426459041', '0', '-4294967252', '10', '0', '2016-07-06 20:08:04', '142015', null, '1', '0');
INSERT INTO `dev_position` VALUES ('216', '1', '116.33980249678', '0', '40.048454334067', '0', '-4294967252', '10', '0', '2016-07-06 20:09:05', '142015', null, '1', '0');
INSERT INTO `dev_position` VALUES ('217', '1', '116.33978238674', '0', '40.04843303461', '0', '-4294967252', '10', '0', '2016-07-06 20:11:05', '142015', null, '1', '0');
INSERT INTO `dev_position` VALUES ('218', '1', '116.33972203503', '0', '40.048426639845', '0', '-4294967252', '10', '0', '2016-07-06 20:12:04', '142015', null, '1', '0');
INSERT INTO `dev_position` VALUES ('219', '1', '116.33974677346', '0', '40.048430549698', '0', '-4294967252', '10', '0', '2016-07-06 20:13:04', '142015', null, '1', '0');
INSERT INTO `dev_position` VALUES ('220', '1', '116.33979868983', '0', '40.048456799348', '0', '-4294967252', '10', '0', '2016-07-06 22:10:04', '142015', null, '1', '0');
INSERT INTO `dev_position` VALUES ('221', '1', '116.33964019901', '0', '40.048434491769', '0', '-4294967252', '10', '0', '2016-07-06 23:05:05', '142015', null, '1', '0');
INSERT INTO `dev_position` VALUES ('222', '1', '116.33966057189', '0', '40.048483181478', '0', '-4294967252', '10', '0', '2016-07-06 23:06:05', '142015', null, '1', '0');
INSERT INTO `dev_position` VALUES ('223', '1', '116.33965976382', '0', '40.048462301796', '0', '-4294967252', '10', '0', '2016-07-06 23:08:04', '142015', null, '1', '0');
INSERT INTO `dev_position` VALUES ('224', '1', '116.33994251168', '0', '40.048427957597', '0', '-4294967252', '10', '0', '2016-07-06 23:09:04', '142015', null, '1', '0');
INSERT INTO `dev_position` VALUES ('225', '1', '116.33964182268', '0', '40.048455366129', '0', '-4294967252', '10', '0', '2016-07-06 23:10:04', '142015', null, '1', '0');
INSERT INTO `dev_position` VALUES ('226', '1', '116.33963203409', '0', '40.048458413304', '0', '-4294967252', '10', '0', '2016-07-06 23:11:04', '142015', null, '1', '0');
INSERT INTO `dev_position` VALUES ('227', '1', '116.33966166654', '0', '40.048463374401', '0', '-4294967252', '10', '0', '2016-07-06 23:13:04', '142015', null, '1', '0');
INSERT INTO `dev_position` VALUES ('228', '1', '116.33989085843', '0', '40.048432077684', '0', '-4294967252', '10', '0', '2016-07-06 23:14:04', '142015', null, '1', '0');
INSERT INTO `dev_position` VALUES ('229', '1', '116.33960866146', '0', '40.048434425852', '0', '-4294967252', '10', '0', '2016-07-07 00:05:04', '142015', null, '1', '0');
INSERT INTO `dev_position` VALUES ('230', '1', '116.33960784829', '0', '40.048427650346', '0', '-4294967252', '10', '0', '2016-07-07 00:06:05', '142015', null, '1', '0');
INSERT INTO `dev_position` VALUES ('231', '1', '116.33960865388', '0', '40.048455310807', '0', '-4294967252', '10', '0', '2016-07-07 00:07:04', '142015', null, '1', '0');
INSERT INTO `dev_position` VALUES ('232', '1', '116.33964019901', '0', '40.048434491769', '0', '-4294967252', '10', '0', '2016-07-07 00:09:04', '142015', null, '1', '0');
INSERT INTO `dev_position` VALUES ('233', '1', '116.33961274169', '0', '40.048428703357', '0', '-4294967252', '10', '0', '2016-07-07 00:10:05', '142015', null, '1', '0');
INSERT INTO `dev_position` VALUES ('234', '1', '116.33961191395', '0', '40.048462070358', '0', '-4294967252', '10', '0', '2016-07-07 00:11:03', '142015', null, '1', '0');
INSERT INTO `dev_position` VALUES ('235', '1', '116.33960567287', '0', '40.048428749472', '0', '-4294967252', '10', '0', '2016-07-07 00:12:04', '142015', null, '1', '0');
INSERT INTO `dev_position` VALUES ('236', '1', '116.33960403166', '0', '40.048456154671', '0', '-4294967252', '10', '0', '2016-07-07 00:13:04', '142015', null, '1', '0');
INSERT INTO `dev_position` VALUES ('237', '1', '116.33957603785', '0', '40.04842948575', '0', '-4294967252', '10', '0', '2016-07-07 01:05:04', '142015', null, '1', '0');
INSERT INTO `dev_position` VALUES ('238', '1', '116.33958583323', '0', '40.048408265473', '0', '-4294967252', '10', '0', '2016-07-07 01:06:05', '142015', null, '1', '0');
INSERT INTO `dev_position` VALUES ('239', '1', '116.3395795716', '0', '40.048431361225', '0', '-4294967252', '10', '0', '2016-07-07 01:07:04', '142015', null, '1', '0');
INSERT INTO `dev_position` VALUES ('240', '1', '116.34005398607', '0', '40.048378175947', '0', '-4294967252', '10', '0', '2016-07-07 01:08:04', '142015', null, '1', '0');
INSERT INTO `dev_position` VALUES ('241', '1', '116.33960458368', '0', '40.048433367534', '0', '-4294967252', '10', '0', '2016-07-07 01:09:03', '142015', null, '1', '0');
INSERT INTO `dev_position` VALUES ('242', '1', '116.33954830446', '0', '40.048433736318', '0', '-4294967252', '10', '0', '2016-07-07 01:11:04', '142015', null, '1', '0');
INSERT INTO `dev_position` VALUES ('243', '1', '116.33986096412', '0', '40.048405413598', '0', '-4294967252', '10', '0', '2016-07-07 01:12:04', '142015', null, '1', '0');
INSERT INTO `dev_position` VALUES ('244', '1', '116.339586639', '0', '40.048435383443', '0', '-4294967252', '10', '0', '2016-07-07 01:13:04', '142015', null, '1', '0');
INSERT INTO `dev_position` VALUES ('245', '1', '116.33955564479', '0', '40.048435044222', '0', '-4294967252', '10', '0', '2016-07-07 01:14:04', '142015', null, '1', '0');
INSERT INTO `dev_position` VALUES ('246', '1', '116.33954994483', '0', '40.048408772146', '0', '-4294967252', '10', '0', '2016-07-07 02:05:04', '142015', null, '1', '0');
INSERT INTO `dev_position` VALUES ('247', '1', '116.33969213769', '0', '40.048404048763', '0', '-4294967252', '10', '0', '2016-07-07 02:07:04', '142015', null, '1', '0');
INSERT INTO `dev_position` VALUES ('248', '1', '116.3397772322', '0', '40.048403231887', '0', '-4294967252', '10', '0', '2016-07-07 02:08:04', '142015', null, '1', '0');
INSERT INTO `dev_position` VALUES ('249', '1', '116.33993953913', '0', '40.04837915428', '0', '-4294967252', '10', '0', '2016-07-07 02:09:04', '142015', null, '1', '0');
INSERT INTO `dev_position` VALUES ('250', '1', '116.33972313198', '0', '40.048400594487', '0', '-4294967252', '10', '0', '2016-07-07 02:10:04', '142015', null, '1', '0');
INSERT INTO `dev_position` VALUES ('251', '1', '116.33983350807', '0', '40.048401247181', '0', '-4294967252', '10', '0', '2016-07-07 02:11:04', '142015', null, '1', '0');
INSERT INTO `dev_position` VALUES ('252', '1', '116.33957822208', '0', '40.048404246824', '0', '-4294967252', '10', '0', '2016-07-07 02:12:04', '142015', null, '1', '0');
INSERT INTO `dev_position` VALUES ('253', '1', '116.33974922914', '0', '40.048406123061', '0', '-4294967252', '10', '0', '2016-07-07 02:13:03', '142015', null, '1', '0');
INSERT INTO `dev_position` VALUES ('254', '1', '116.33968751499', '0', '40.048406519681', '0', '-4294967252', '10', '0', '2016-07-07 02:14:03', '142015', null, '1', '0');
INSERT INTO `dev_position` VALUES ('255', '1', '116.33971876955', '0', '40.048435069032', '0', '-4294967252', '10', '0', '2016-07-07 03:05:05', '142015', null, '1', '0');
INSERT INTO `dev_position` VALUES ('256', '1', '116.33977178643', '0', '40.048426592602', '0', '-4294967252', '10', '0', '2016-07-07 03:08:04', '142015', null, '1', '0');
INSERT INTO `dev_position` VALUES ('257', '1', '116.33971551818', '0', '40.048404711898', '0', '-4294967252', '10', '0', '2016-07-07 03:10:04', '142015', null, '1', '0');
INSERT INTO `dev_position` VALUES ('258', '1', '116.33983622735', '0', '40.048399331361', '0', '-4294967252', '10', '0', '2016-07-07 03:13:04', '142015', null, '1', '0');
INSERT INTO `dev_position` VALUES ('259', '1', '116.33974867613', '0', '40.048431622449', '0', '-4294967252', '10', '0', '2016-07-07 03:14:04', '142015', null, '1', '0');
INSERT INTO `dev_position` VALUES ('260', '1', '116.33974921947', '0', '40.048432703902', '0', '-4294967252', '10', '0', '2016-07-07 04:05:04', '142015', null, '1', '0');
INSERT INTO `dev_position` VALUES ('261', '1', '116.3397448702', '0', '40.048431104348', '0', '-4294967252', '10', '0', '2016-07-07 04:06:04', '142015', null, '1', '0');
INSERT INTO `dev_position` VALUES ('262', '1', '116.33981011627', '0', '40.048433943253', '0', '-4294967252', '10', '0', '2016-07-07 04:07:04', '142015', null, '1', '0');
INSERT INTO `dev_position` VALUES ('263', '1', '116.33978076563', '0', '40.048405379228', '0', '-4294967252', '10', '0', '2016-07-07 04:08:05', '142015', null, '1', '0');
INSERT INTO `dev_position` VALUES ('264', '1', '116.33966766005', '0', '40.048429431527', '0', '-4294967252', '10', '0', '2016-07-07 04:09:04', '142015', null, '1', '0');
INSERT INTO `dev_position` VALUES ('265', '1', '116.33966711443', '0', '40.048434588476', '0', '-4294967252', '10', '0', '2016-07-07 04:10:04', '142015', null, '1', '0');
INSERT INTO `dev_position` VALUES ('266', '1', '116.33961328574', '0', '40.048427886112', '0', '-4294967252', '10', '0', '2016-07-07 04:11:03', '142015', null, '1', '0');
INSERT INTO `dev_position` VALUES ('267', '1', '116.33966330831', '0', '40.048434341884', '0', '-4294967252', '10', '0', '2016-07-07 04:12:04', '142015', null, '1', '0');
INSERT INTO `dev_position` VALUES ('268', '1', '116.33972447977', '0', '40.048432320026', '0', '-4294967252', '10', '0', '2016-07-07 04:13:04', '142015', null, '1', '0');
INSERT INTO `dev_position` VALUES ('269', '1', '116.33972178077', '0', '40.048378362117', '0', '-4294967252', '10', '0', '2016-07-07 05:06:04', '142015', null, '1', '0');
INSERT INTO `dev_position` VALUES ('270', '1', '116.33977860004', '0', '40.048379897189', '0', '-4294967252', '10', '0', '2016-07-07 05:10:03', '142015', null, '1', '0');
INSERT INTO `dev_position` VALUES ('271', '1', '116.33972178107', '0', '40.048377548419', '0', '-4294967252', '10', '0', '2016-07-07 05:12:04', '142015', null, '1', '0');
INSERT INTO `dev_position` VALUES ('272', '1', '116.33975439449', '0', '40.048406361251', '0', '-4294967252', '10', '0', '2016-07-07 06:05:04', '142015', null, '1', '0');
INSERT INTO `dev_position` VALUES ('273', '1', '116.33977153367', '0', '40.048374246369', '0', '-4294967252', '10', '0', '2016-07-07 06:06:04', '142015', null, '1', '0');
INSERT INTO `dev_position` VALUES ('274', '1', '116.33978049496', '0', '40.048402126164', '0', '-4294967252', '10', '0', '2016-07-07 06:07:03', '142015', null, '1', '0');
INSERT INTO `dev_position` VALUES ('275', '1', '116.33980795175', '0', '40.048405477582', '0', '-4294967252', '10', '0', '2016-07-07 06:08:03', '142015', null, '1', '0');
INSERT INTO `dev_position` VALUES ('276', '1', '116.33971743038', '0', '40.048379746233', '0', '-4294967252', '10', '0', '2016-07-07 06:09:03', '142015', null, '1', '0');
INSERT INTO `dev_position` VALUES ('277', '1', '116.33972613145', '0', '40.04837616432', '0', '-4294967252', '10', '0', '2016-07-07 06:10:04', '142015', null, '1', '0');
INSERT INTO `dev_position` VALUES ('278', '1', '116.33971661527', '0', '40.048378395311', '0', '-4294967252', '10', '0', '2016-07-07 06:11:04', '142015', null, '1', '0');
INSERT INTO `dev_position` VALUES ('279', '1', '116.33975304477', '0', '40.048380060347', '0', '-4294967252', '10', '0', '2016-07-07 06:12:04', '142015', null, '1', '0');
INSERT INTO `dev_position` VALUES ('280', '1', '116.33972556783', '0', '40.048430685645', '0', '-4294967252', '10', '0', '2016-07-07 06:13:03', '142015', null, '1', '0');
INSERT INTO `dev_position` VALUES ('281', '1', '116.33977343522', '0', '40.048378302724', '0', '-4294967252', '10', '0', '2016-07-07 06:14:03', '142015', null, '1', '0');
INSERT INTO `dev_position` VALUES ('282', '1', '116.33975222918', '0', '40.048380065564', '0', '-4294967252', '10', '0', '2016-07-07 07:05:03', '142015', null, '1', '0');
INSERT INTO `dev_position` VALUES ('283', '1', '116.33974652178', '0', '40.048375219906', '0', '-4294967252', '10', '0', '2016-07-07 07:06:03', '142015', null, '1', '0');
INSERT INTO `dev_position` VALUES ('284', '1', '116.33974759903', '0', '40.048403149938', '0', '-4294967252', '10', '0', '2016-07-07 07:07:03', '142015', null, '1', '0');
INSERT INTO `dev_position` VALUES ('285', '1', '116.33974434526', '0', '40.048379573557', '0', '-4294967252', '10', '0', '2016-07-07 07:08:04', '142015', null, '1', '0');
INSERT INTO `dev_position` VALUES ('286', '1', '116.33974842424', '0', '40.048376835122', '0', '-4294967252', '10', '0', '2016-07-07 07:09:04', '142015', null, '1', '0');
INSERT INTO `dev_position` VALUES ('287', '1', '116.33972504458', '0', '40.048374543905', '0', '-4294967252', '10', '0', '2016-07-07 07:10:04', '142015', null, '1', '0');
INSERT INTO `dev_position` VALUES ('288', '1', '116.33972014907', '0', '40.048379728761', '0', '-4294967252', '10', '0', '2016-07-07 07:11:03', '142015', null, '1', '0');
INSERT INTO `dev_position` VALUES ('289', '1', '116.33972151865', '0', '40.048351783046', '0', '-4294967252', '10', '0', '2016-07-07 07:12:03', '142015', null, '1', '0');
INSERT INTO `dev_position` VALUES ('290', '1', '116.33977099103', '0', '40.048371266276', '0', '-4294967252', '10', '0', '2016-07-07 07:13:03', '142015', null, '1', '0');
INSERT INTO `dev_position` VALUES ('291', '1', '116.33972123713', '0', '40.048378094377', '0', '-4294967252', '10', '0', '2016-07-07 07:14:04', '142015', null, '1', '0');
INSERT INTO `dev_position` VALUES ('292', '1', '116.33958065007', '0', '40.048456307555', '0', '-4294967252', '10', '0', '2016-07-07 08:05:03', '142015', null, '1', '0');
INSERT INTO `dev_position` VALUES ('293', '1', '116.33971715118', '0', '40.048399819218', '0', '-4294967252', '10', '0', '2016-07-07 08:06:04', '142015', null, '1', '0');
INSERT INTO `dev_position` VALUES ('294', '1', '116.3397495019', '0', '40.048403680224', '0', '-4294967252', '10', '0', '2016-07-07 08:07:04', '142015', null, '1', '0');
INSERT INTO `dev_position` VALUES ('295', '1', '116.33972367384', '0', '40.048405744422', '0', '-4294967252', '10', '0', '2016-07-07 08:09:03', '142015', null, '1', '0');
INSERT INTO `dev_position` VALUES ('296', '1', '116.33975356843', '0', '40.048435117173', '0', '-4294967252', '10', '0', '2016-07-07 08:10:03', '142015', null, '1', '0');
INSERT INTO `dev_position` VALUES ('297', '1', '116.33972666587', '0', '40.048401656726', '0', '-4294967252', '10', '0', '2016-07-07 08:11:03', '142015', null, '1', '0');
INSERT INTO `dev_position` VALUES ('298', '1', '116.33969159444', '0', '40.048402696106', '0', '-4294967252', '10', '0', '2016-07-07 08:12:04', '142015', null, '1', '0');
INSERT INTO `dev_position` VALUES ('299', '1', '116.33975222055', '0', '40.048403662831', '0', '-4294967252', '10', '0', '2016-07-07 08:13:04', '142015', null, '1', '0');
INSERT INTO `dev_position` VALUES ('300', '1', '116.3396698454', '0', '40.048400937982', '0', '-4294967252', '10', '0', '2016-07-07 08:14:04', '142015', null, '1', '0');
INSERT INTO `dev_position` VALUES ('301', '1', '116.33971659529', '0', '40.048433184379', '0', '-4294967252', '10', '0', '2016-07-07 09:44:03', '142015', null, '1', '0');
INSERT INTO `dev_position` VALUES ('302', '1', '116.3397266556', '0', '40.048429864964', '0', '-4294967252', '10', '0', '2016-07-07 09:45:03', '142015', null, '1', '0');
INSERT INTO `dev_position` VALUES ('303', '1', '116.33971877034', '0', '40.048432899167', '0', '-4294967252', '10', '0', '2016-07-07 09:46:04', '142015', null, '1', '0');
INSERT INTO `dev_position` VALUES ('304', '1', '116.33969866238', '0', '40.048404549162', '0', '-4294967252', '10', '0', '2016-07-07 09:47:04', '142015', null, '1', '0');
INSERT INTO `dev_position` VALUES ('305', '1', '116.33968887514', '0', '40.048404341044', '0', '-4294967252', '10', '0', '2016-07-07 09:48:03', '142015', null, '1', '0');
INSERT INTO `dev_position` VALUES ('306', '1', '116.33974976448', '0', '40.048429174392', '0', '-4294967252', '10', '0', '2016-07-07 09:49:03', '142015', null, '1', '0');
INSERT INTO `dev_position` VALUES ('307', '1', '116.33969212673', '0', '40.048434155634', '0', '-4294967252', '10', '0', '2016-07-07 09:50:05', '142015', null, '1', '0');
INSERT INTO `dev_position` VALUES ('308', '1', '116.33966522297', '0', '40.048402595293', '0', '-4294967252', '10', '0', '2016-07-07 09:51:03', '142015', null, '1', '0');
INSERT INTO `dev_position` VALUES ('309', '1', '116.3396921285', '0', '40.048429273438', '0', '-4294967252', '10', '0', '2016-07-07 09:52:03', '142015', null, '1', '0');
INSERT INTO `dev_position` VALUES ('310', '1', '116.3396967582', '0', '40.048407544991', '0', '-4294967252', '10', '0', '2016-07-07 09:53:04', '142015', null, '1', '0');
INSERT INTO `dev_position` VALUES ('311', '1', '116.33968887583', '0', '40.048402442413', '0', '-4294967252', '10', '0', '2016-07-07 10:44:03', '142015', null, '1', '0');
INSERT INTO `dev_position` VALUES ('312', '1', '116.33974514256', '0', '40.048429746442', '0', '-4294967252', '10', '0', '2016-07-07 10:45:04', '142015', null, '1', '0');
INSERT INTO `dev_position` VALUES ('313', '1', '116.3396877763', '0', '40.048435539866', '0', '-4294967252', '10', '0', '2016-07-07 10:46:04', '142015', null, '1', '0');
INSERT INTO `dev_position` VALUES ('314', '1', '116.3397190424', '0', '40.048432354954', '0', '-4294967252', '10', '0', '2016-07-07 10:47:03', '142015', null, '1', '0');
INSERT INTO `dev_position` VALUES ('315', '1', '116.33972529685', '0', '40.048428246292', '0', '-4294967252', '10', '0', '2016-07-07 10:48:03', '142015', null, '1', '0');
INSERT INTO `dev_position` VALUES ('316', '1', '116.33972258775', '0', '40.048401954144', '0', '-4294967252', '10', '0', '2016-07-07 10:49:03', '142015', null, '1', '0');
INSERT INTO `dev_position` VALUES ('317', '1', '116.3397171409', '0', '40.048428027455', '0', '-4294967252', '10', '0', '2016-07-07 10:50:03', '142015', null, '1', '0');
INSERT INTO `dev_position` VALUES ('318', '1', '116.3397470554', '0', '40.048402882185', '0', '-4294967252', '10', '0', '2016-07-07 10:51:04', '142015', null, '1', '0');
INSERT INTO `dev_position` VALUES ('319', '1', '116.3397231224', '0', '40.048426904093', '0', '-4294967252', '10', '0', '2016-07-07 10:52:03', '142015', null, '1', '0');
INSERT INTO `dev_position` VALUES ('320', '1', '116.33971606143', '0', '40.048406064567', '0', '-4294967252', '10', '0', '2016-07-07 10:53:03', '142015', null, '1', '0');
INSERT INTO `dev_position` VALUES ('321', '1', '116.33971932336', '0', '40.048407399764', '0', '-4294967252', '10', '0', '2016-07-07 11:44:04', '142015', null, '1', '0');
INSERT INTO `dev_position` VALUES ('322', '1', '116.33972148873', '0', '40.048433695399', '0', '-4294967252', '10', '0', '2016-07-07 11:45:03', '142015', null, '1', '0');
INSERT INTO `dev_position` VALUES ('323', '1', '116.33971904191', '0', '40.048433711119', '0', '-4294967252', '10', '0', '2016-07-07 11:46:03', '142015', null, '1', '0');
INSERT INTO `dev_position` VALUES ('324', '1', '116.33972340326', '0', '40.048402220139', '0', '-4294967252', '10', '0', '2016-07-07 11:47:03', '142015', null, '1', '0');
INSERT INTO `dev_position` VALUES ('325', '1', '116.33968778657', '0', '40.048407331625', '0', '-4294967252', '10', '0', '2016-07-07 11:48:03', '142015', null, '1', '0');
INSERT INTO `dev_position` VALUES ('326', '1', '116.33969185505', '0', '40.048433614922', '0', '-4294967252', '10', '0', '2016-07-07 11:49:04', '142015', null, '1', '0');
INSERT INTO `dev_position` VALUES ('327', '1', '116.33974541285', '0', '40.048434084431', '0', '-4294967252', '10', '0', '2016-07-07 11:50:05', '142015', null, '1', '0');
INSERT INTO `dev_position` VALUES ('328', '1', '116.33974840535', '0', '40.048428640625', '0', '-4294967252', '10', '0', '2016-07-07 11:51:03', '142015', null, '1', '0');
INSERT INTO `dev_position` VALUES ('329', '1', '116.33988406434', '0', '40.048425881977', '0', '-4294967252', '10', '0', '2016-07-07 11:52:03', '142015', null, '1', '0');
INSERT INTO `dev_position` VALUES ('330', '1', '116.33969321529', '0', '40.048431165056', '0', '-4294967252', '10', '0', '2016-07-07 11:53:03', '142015', null, '1', '0');
INSERT INTO `dev_position` VALUES ('331', '1', '116.33980657323', '0', '40.048458376671', '0', '-4294967252', '10', '0', '2016-07-07 12:44:03', '142015', null, '1', '0');
INSERT INTO `dev_position` VALUES ('332', '1', '116.33974922104', '0', '40.048428364172', '0', '-4294967252', '10', '0', '2016-07-07 12:45:03', '142015', null, '1', '0');
INSERT INTO `dev_position` VALUES ('333', '1', '116.33977287142', '0', '40.048433366494', '0', '-4294967252', '10', '0', '2016-07-07 12:47:04', '142015', null, '1', '0');
INSERT INTO `dev_position` VALUES ('334', '1', '116.33971659677', '0', '40.048429115882', '0', '-4294967252', '10', '0', '2016-07-07 12:48:04', '142015', null, '1', '0');
INSERT INTO `dev_position` VALUES ('335', '1', '116.33972012948', '0', '40.048433432899', '0', '-4294967252', '10', '0', '2016-07-07 12:49:03', '142015', null, '1', '0');
INSERT INTO `dev_position` VALUES ('336', '1', '116.33977502738', '0', '40.048485700642', '0', '-4294967252', '10', '0', '2016-07-07 12:50:03', '142015', null, '1', '0');
INSERT INTO `dev_position` VALUES ('337', '1', '116.33966059915', '0', '40.048408049884', '0', '-4294967252', '10', '0', '2016-07-07 12:51:03', '142015', null, '1', '0');
INSERT INTO `dev_position` VALUES ('338', '1', '116.33983293228', '0', '40.048489672642', '0', '-4294967252', '10', '0', '2016-07-07 12:52:03', '142015', null, '1', '0');
INSERT INTO `dev_position` VALUES ('339', '1', '116.33971769343', '0', '40.048403884218', '0', '-4294967252', '10', '0', '2016-07-07 13:44:03', '142015', null, '1', '0');
INSERT INTO `dev_position` VALUES ('340', '1', '116.33991120654', '0', '40.048545325526', '0', '-4294967252', '10', '0', '2016-07-07 13:45:03', '142015', null, '1', '0');
INSERT INTO `dev_position` VALUES ('341', '1', '116.33972339121', '0', '40.048435310574', '0', '-4294967252', '10', '0', '2016-07-07 13:46:03', '142015', null, '1', '0');
INSERT INTO `dev_position` VALUES ('342', '1', '116.34005662458', '0', '40.048599756979', '0', '-4294967252', '10', '0', '2016-07-07 13:47:03', '142015', null, '1', '0');
INSERT INTO `dev_position` VALUES ('343', '1', '116.33968723413', '0', '40.048431203645', '0', '-4294967252', '10', '0', '2016-07-07 13:48:03', '142015', null, '1', '0');
INSERT INTO `dev_position` VALUES ('344', '1', '116.33974813387', '0', '40.048427557433', '0', '-4294967252', '10', '0', '2016-07-07 13:49:03', '142015', null, '1', '0');
INSERT INTO `dev_position` VALUES ('345', '1', '116.33972611137', '0', '40.04843122462', '0', '-4294967252', '10', '0', '2016-07-07 13:50:03', '142015', null, '1', '0');
INSERT INTO `dev_position` VALUES ('346', '1', '116.3396921283', '0', '40.048429815904', '0', '-4294967252', '10', '0', '2016-07-07 13:51:03', '142015', null, '1', '0');
INSERT INTO `dev_position` VALUES ('347', '1', '116.33975275451', '0', '40.048430511426', '0', '-4294967252', '10', '0', '2016-07-07 13:53:03', '142015', null, '1', '0');
INSERT INTO `dev_position` VALUES ('348', '1', '116.3397823675', '0', '40.048486196329', '0', '-4294967252', '10', '0', '2016-07-07 16:44:47', '142015', null, '1', '0');
INSERT INTO `dev_position` VALUES ('349', '1', '116.33971849798', '0', '40.04843425708', '0', '-4294967252', '10', '0', '2016-07-07 16:45:48', '142015', null, '1', '0');
INSERT INTO `dev_position` VALUES ('350', '5', '123.45060418384', '0', '41.789508223773', '0', '122', '10', '0', '2016-07-08 10:16:17', '142014', null, '1', '0');
INSERT INTO `dev_position` VALUES ('351', '1', '112.57454423425', '1', '37.794540715169', '1', '0', '10', '0', '2016-07-12 14:57:46', '456330', null, '1', '0');
INSERT INTO `dev_position` VALUES ('352', '1', '112.5719124172', '0', '37.88616266603', '0', '-4294966525', '10', '0', '2016-07-12 23:21:00', '142013', null, '1', '0');
INSERT INTO `dev_position` VALUES ('353', '5', '112.39272253515', '0', '37.638747319397', '0', '763', '10', '0', '2016-07-12 23:23:00', '142013', null, '1', '0');
INSERT INTO `dev_position` VALUES ('354', '1', '112.57193225703', '0', '37.88615551405', '0', '-4294966525', '10', '0', '2016-07-12 23:27:24', '142013', null, '1', '0');
INSERT INTO `dev_position` VALUES ('355', '1', '112.57196161587', '0', '37.886132040103', '0', '-4294966525', '10', '0', '2016-07-12 23:30:00', '142013', null, '1', '0');
INSERT INTO `dev_position` VALUES ('356', '1', '112.57196877356', '0', '37.87999590558', '0', '40', '10', '0', '2016-07-12 23:31:55', '142013', null, '1', '0');
INSERT INTO `dev_position` VALUES ('357', '5', '112.39272415598', '0', '37.638752210009', '0', '763', '10', '0', '2016-07-12 23:33:10', '142013', null, '1', '0');
INSERT INTO `dev_position` VALUES ('358', '5', '112.39272361363', '0', '37.638753291779', '0', '763', '10', '0', '2016-07-12 23:39:07', '142013', null, '1', '0');
INSERT INTO `dev_position` VALUES ('359', '5', '112.3927228028', '0', '37.638751388868', '0', '763', '10', '0', '2016-07-12 23:40:10', '142013', null, '1', '0');
INSERT INTO `dev_position` VALUES ('360', '1', '112.57476426161', '1', '37.794232199485', '1', '0', '10', '0', '2016-07-13 08:46:00', '456330', null, '1', '0');
INSERT INTO `dev_position` VALUES ('361', '1', '112.57520269856', '1', '37.794259769477', '1', '0', '10', '0', '2016-07-16 09:09:21', '456330', null, '1', '0');
INSERT INTO `dev_position` VALUES ('362', '1', '112.57538096495', '1', '37.794398369409', '1', '0', '10', '0', '2016-07-18 07:41:50', '456330', null, '1', '0');
INSERT INTO `dev_position` VALUES ('363', '1', '112.57470697346', '1', '37.794349032876', '1', '0', '10', '0', '2016-07-19 11:26:16', '456330', null, '1', '0');
INSERT INTO `dev_position` VALUES ('364', '1', '112.57537935237', '1', '37.79442253179', '1', '0', '10', '0', '2016-07-27 06:35:23', '456330', null, '1', '0');
INSERT INTO `dev_position` VALUES ('365', '5', '112.58560110464', '0', '37.884306544453', '0', '800', '10', '0', '2016-07-28 20:24:42', '142014', null, '1', '0');
INSERT INTO `dev_position` VALUES ('366', '5', '112.58568679389', '0', '37.884162613227', '0', '795', '10', '0', '2016-07-29 06:14:03', '142014', null, '1', '0');
INSERT INTO `dev_position` VALUES ('367', '5', '112.58587627452', '0', '37.884637389456', '0', '781', '10', '0', '2016-07-29 06:17:43', '142014', null, '1', '0');
INSERT INTO `dev_position` VALUES ('368', '5', '112.58582723476', '0', '37.884575473039', '0', '782', '10', '0', '2016-07-29 06:18:43', '142014', null, '1', '0');
INSERT INTO `dev_position` VALUES ('369', '1', '112.63486544734', '0', '37.886408758531', '0', '-4294966408', '10', '0', '2016-11-14 18:15:43', '142014', '0', '1', '0');
INSERT INTO `dev_position` VALUES ('370', '5', '112.63514812734', '0', '37.885444526214', '0', '879', '10', '0', '2016-11-14 18:16:42', '142014', '0', '1', '0');
INSERT INTO `dev_position` VALUES ('371', '5', '112.63526119637', '0', '37.885498017681', '0', '896', '10', '0', '2016-11-14 18:18:00', '142014', '0', '1', '0');
INSERT INTO `dev_position` VALUES ('372', '5', '113.09048322839', '0', '36.08129691706', '0', '984', '10', '0', '2016-11-22 21:38:03', '142016', '0', '1', '0');
INSERT INTO `dev_position` VALUES ('373', '1', '113.09045594838', '0', '36.082596633815', '0', '-4294966340', '10', '0', '2016-11-22 21:41:45', '142016', '0', '1', '0');
INSERT INTO `dev_position` VALUES ('374', '1', '113.09080826432', '0', '36.082874348344', '0', '-4294966339', '10', '0', '2016-11-23 09:50:53', '142016', '0', '1', '0');
INSERT INTO `dev_position` VALUES ('375', '1', '113.09016452424', '0', '36.082492838855', '0', '-4294966340', '10', '0', '2016-11-23 10:31:22', '142016', '0', '1', '0');
INSERT INTO `dev_position` VALUES ('376', '1', '113.09079004988', '0', '36.08281654592', '0', '-4294966339', '10', '0', '2016-11-23 10:37:46', '142016', '0', '1', '0');
INSERT INTO `dev_position` VALUES ('377', '1', '113.11747222', '0', '36.218', '0', '-4294966388', '10', '0', '2017-08-18 10:36:19', '142014', null, '0', '0');
INSERT INTO `dev_position` VALUES ('378', '5', '113.11738889', '0', '36.21658333', '0', '913', '10', '0', '2017-08-18 10:48:42', '142014', null, '0', '0');
